{"cameraMode":{"drawMode":0,"name":"Shaded","section":"Shading Mode"},"sceneLighting":true,"audioPlay":false,"sceneViewState":{"showFog":true,"showMaterialUpdate":false,"showSkybox":true,"showFlares":true,"showImageEffects":true,"showParticleSystems":true},"in2DMode":false,"pivot":{"x":-2.651172637939453,"y":-1.8744964599609376,"z":1.4584935903549195},"rotation":{"x":0.2982619106769562,"y":-0.6288083791732788,"z":0.28444600105285647,"w":0.659356951713562},"size":19.02783203125,"orthographic":false}